CREATE DATABASE MINI_PROJECT;
USE MINI_PROJECT;

-- TABLES 

-- Creating the Students table
CREATE TABLE Students (
    StudentID INT PRIMARY KEY,
    Name VARCHAR(100),
    Course VARCHAR(50),
    Year INT
);

-- Creating the Exams table
CREATE TABLE Exams (
    ExamID INT PRIMARY KEY,
    Subject VARCHAR(50),
    ExamDate DATE,
    TotalMarks INT
);

-- Creating the Results table
CREATE TABLE Results (
    ResultID INT PRIMARY KEY,
    StudentID INT,
    ExamID INT,
    Score INT,
    FOREIGN KEY (StudentID) REFERENCES Students(StudentID),
    FOREIGN KEY (ExamID) REFERENCES Exams(ExamID)
);

-- INSERTING DATA INTO Students (Using anime character names)
INSERT INTO Students (StudentID, Name, Course, Year) VALUES
(1, 'Naruto Uzumaki', 'Computer Science', 2),
(2, 'Sasuke Uchiha', 'Computer Science', 2),
(3, 'Sakura Haruno', 'Computer Science', 2),
(4, 'Goku', 'Electronics', 3),
(5, 'Vegeta', 'Electronics', 3),
(6, 'Gohan', 'Electronics', 3),
(7, 'Luffy', 'Mechanical', 1),
(8, 'Zoro', 'Mechanical', 1),
(9, 'Sanji', 'Mechanical', 1),
(10, 'Light Yagami', 'Law', 4), 
(11, 'L Lawliet', 'Law', 4), 
(12, 'Near', 'Law', 4),
(13, 'Edward Elric', 'Civil', 2),
(14, 'Alphonse Elric', 'Civil', 2),
(15, 'Winry Rockbell', 'Civil', 2),
(16, 'Shinichi Kudo', 'Chemistry', 3),
(17, 'Ran Mouri', 'Chemistry', 3),
(18, 'Kaito Kid', 'Chemistry', 3),
(19, 'Itachi Uchiha', 'Computer Science', 2),
(20, 'Kakashi Hatake', 'Computer Science', 2),
(21, 'Hinata Hyuga', 'Computer Science', 2),
(22, 'Killua Zoldyck', 'Electronics', 1),
(23, 'Gon Freecss', 'Electronics', 1),
(24, 'Leorio', 'Electronics', 1),
(25, 'Levi Ackerman', 'Mechanical', 2),
(26, 'Eren Yeager', 'Mechanical', 2),
(27, 'Mikasa Ackerman', 'Mechanical', 2),
(28, 'Sasori', 'Law', 3),
(29, 'Deidara', 'Law', 3),
(30, 'Konan', 'Law', 3);

-- INSERTING DATA INTO Exams
INSERT INTO Exams (ExamID, Subject, ExamDate, TotalMarks) VALUES
 (101, 'Database Systems', '2025-03-10', 100),
 (102, 'Operating Systems', '2025-03-12', 100),
 (103, 'Digital Electronics', '2025-03-11', 100),
 (104, 'Microprocessors', '2025-03-15', 100),
 (105, 'Thermodynamics', '2025-03-17', 100),
 (106, 'Fluid Mechanics', '2025-03-19', 100),
 (107, 'Constitutional Law', '2025-03-21', 100),
 (108, 'Criminal Law', '2025-03-23', 100),
 (109, 'Structural Analysis', '2025-03-25', 100),
 (110, 'Surveying', '2025-03-27', 100),
 (111, 'Organic Chemistry', '2025-03-29', 100),
 (112, 'Inorganic Chemistry', '2025-03-31', 100);


-- INSERTING DATA INTO Results
INSERT INTO Results (ResultID, StudentID, ExamID, Score) VALUES
(1, 1, 108, 92),(2, 1, 103, 91),(3, 1, 101, 8),(4, 1, 112, 19),(5, 1, 109, 48),(6, 1, 104, 100),
(7, 1, 105, 14),(8, 1, 110, 23),(9, 1, 102, 7),(10, 2, 108, 72),(11, 2, 105, 81),(12, 2, 112, 45),
(13, 2, 107, 74),(14, 2, 101, 10),(15, 2, 103, 18),(16, 3, 107, 34),(17, 3, 110, 63),(18, 3, 112, 42),
(19, 3, 109, 50),(20, 3, 103, 53),(21, 3, 106, 15),(22, 3, 105, 39),(23, 3, 111, 63),(24, 3, 101, 86),
(25, 4, 105, 32),(26, 4, 108, 45),(27, 4, 102, 85),(28, 5, 107, 95),(29, 5, 102, 47),(30, 5, 109, 85),
(31, 5, 101, 60),(32, 5, 103, 72),(33, 5, 105, 23),(34, 5, 108, 19),(35, 6, 111, 41),(36, 6, 110, 39),
(37, 6, 106, 57),(38, 6, 107, 60),(39, 7, 111, 92),(40, 7, 107, 59),(41, 7, 104, 96),(42, 7, 110, 41),
(43, 7, 106, 57),(44, 7, 112, 60),(45, 7, 101, 55),(46, 7, 109, 7),(47, 7, 105, 21),(48, 8, 101, 50),
(49, 8, 112, 94),(50, 8, 107, 17),(51, 8, 105, 84),(52, 8, 104, 71),(53, 8, 102, 97),(54, 8, 109, 76),
(55, 8, 108, 30),(56, 8, 106, 46),(57, 8, 110, 65),(58, 9, 103, 67),(59, 9, 112, 56),(60, 9, 109, 96),
(61, 9, 106, 100),(62, 9, 111, 4),(63, 9, 101, 21),(64, 9, 104, 42),(65, 9, 110, 19),(66, 9, 107, 64),
(67, 9, 105, 67),(68, 10, 103, 0),(69, 10, 110, 9),(70, 10, 109, 73),(71, 10, 102, 34),(72, 10, 106, 8),
(73, 10, 104, 62),(74, 10, 107, 21),(75, 10, 101, 77),(76, 11, 105, 89),(77, 11, 108, 49),
(78, 11, 109, 77),(79, 11, 103, 37),(80, 12, 107, 46),(81, 12, 103, 25),(82, 12, 110, 43),
(83, 12, 112, 98),(84, 12, 104, 81),(85, 12, 106, 44),(86, 12, 111, 51),(87, 12, 101, 20),
(88, 12, 105, 56),(89, 13, 109, 24),(90, 13, 101, 25),(91, 13, 107, 88),(92, 13, 102, 73),
(93, 13, 103, 0),(94, 13, 110, 66),(95, 13, 111, 90),(96, 13, 112, 41),(97, 13, 104, 24),
(98, 13, 108, 69),(99, 14, 107, 55),(100, 14, 106, 68),(101, 14, 108, 52),(102, 14, 102, 48),
(103, 14, 109, 92),(104, 14, 104, 70),(105, 14, 111, 52),(106, 15, 106, 59),(107, 15, 112, 53),
(108, 15, 107, 86),(109, 15, 108, 74),(110, 15, 105, 46),(111, 15, 104, 74),(112, 15, 101, 53),
(113, 15, 103, 60),(114, 15, 111, 24),(115, 15, 102, 53),(116, 16, 108, 97),(117, 16, 101, 90),
(118, 16, 110, 79),(119, 16, 103, 2),(120, 16, 109, 57),(121, 16, 106, 77),(122, 16, 112, 36),
(123, 16, 105, 47),(124, 16, 102, 65),(125, 17, 102, 4),(126, 17, 110, 91),(127, 17, 105, 66),
(128, 17, 108, 8),(129, 18, 111, 59),(130, 18, 105, 75),(131, 18, 110, 60),(132, 18, 106, 32),
(133, 18, 103, 65),(134, 18, 108, 70),(135, 18, 104, 71),(136, 18, 107, 32),(137, 18, 112, 11),
(138, 18, 101, 27),(139, 19, 108, 18),(140, 19, 104, 93),(141, 19, 106, 78),(142, 19, 112, 71),
(143, 19, 103, 99),(144, 19, 109, 38),(145, 19, 101, 16),(146, 19, 110, 33),(147, 19, 102, 21),
(148, 19, 111, 13),(149, 20, 108, 5),(150, 20, 110, 20),(151, 20, 102, 49),(152, 20, 106, 72),
(153, 20, 104, 11),(154, 20, 111, 75),(155, 20, 103, 60),(156, 20, 112, 45),(157, 20, 101, 50),
(158, 21, 102, 99),(159, 21, 103, 60),(160, 21, 112, 71),(161, 21, 110, 2),(162, 21, 105, 6),
(163, 22, 104, 96),(164, 22, 105, 39),(165, 22, 110, 1),(166, 22, 102, 70),(167, 22, 103, 79),
(168, 22, 107, 40),(169, 22, 111, 22),(170, 22, 108, 15),(171, 22, 112, 71),(172, 22, 106, 77),
(173, 22, 101, 44),(174, 22, 109, 97),(175, 23, 111, 54),(176, 23, 107, 7),(177, 23, 103, 26),
(178, 23, 105, 87),(179, 23, 109, 29),(180, 23, 102, 69),(181, 23, 110, 71),(182, 24, 110, 62),
(183, 24, 105, 81),(184, 24, 101, 58),(185, 24, 106, 95),(186, 25, 112, 18),(187, 25, 103, 34),
(188, 25, 111, 1),(189, 25, 107, 2),(190, 25, 101, 12),(191, 26, 105, 15),(192, 26, 108, 74),
(193, 26, 107, 79),(194, 26, 103, 92),(195, 26, 101, 40),(196, 26, 110, 54),(197, 26, 102, 3),
(198, 26, 112, 78),(199, 26, 111, 64),(200, 26, 106, 83),(201, 26, 109, 89),(202, 26, 104, 12),
(203, 27, 102, 6),(204, 27, 109, 91),(205, 27, 108, 23),(206, 27, 107, 3),(207, 27, 105, 41),
(208, 27, 110, 8),(209, 27, 106, 97),(210, 27, 104, 22),(211, 27, 101, 12),(212, 27, 112, 16),
(213, 28, 109, 78),(214, 28, 104, 4),(215, 28, 106, 50),(216, 28, 108, 34),(217, 28, 110, 44),
(218, 28, 111, 73),(219, 28, 103, 0),(220, 28, 101, 35),(221, 29, 106, 44),(222, 29, 102, 0),
(223, 29, 112, 22),(224, 29, 108, 72),(225, 29, 111, 17),(226, 29, 105, 12),(227, 29, 101, 34),
(228, 29, 110, 68),(229, 30, 101, 39),(230, 30, 102, 67),(231, 30, 108, 44),(232, 30, 111, 17);

-- Displaying tables
SELECT * FROM Students;
SELECT * FROM Exams;
SELECT * FROM Results;
